txn_id,date,description,amount
BT0001,01/06/2026,SHOPIFY PAYOUT SH-PO-0001,"22,604.87"
BT0002,01/08/2026,SHOPIFY PAYOUT SH-PO-0002,"12,020.86"
BT0003,01/13/2026,SHOPIFY PAYOUT SH-PO-0003,"24,442.73"
BT0004,01/14/2026,SHOPIFY PAYOUT SH-PO-0004,"22,089.69"
BT0005,01/14/2026,SHOPIFY PAYOUT SH-PO-0005,"11,211.75"
BT0006,01/19/2026,SHOPIFY PAYOUT SH-PO-0006,"19,388.07"
BT0007,01/19/2026,SHOPIFY PAYOUT SH-PO-0007,"19,059.61"
BT0008,01/23/2026,SHOPIFY PAYOUT SH-PO-0008,"12,896.06"
BT0009,01/26/2026,SHOPIFY PAYOUT SH-PO-0009,"25,207.30"
BT0010,01/27/2026,SHOPIFY PAYOUT SH-PO-0010,"11,085.43"
BT0011,01/29/2026,SHOPIFY PAYOUT SH-PO-0011,"7,268.99"
BT0012,02/02/2026,SHOPIFY PAYOUT SH-PO-0012,"20,498.50"
BT0013,02/05/2026,SHOPIFY PAYOUT SH-PO-0013,"17,538.43"
BT0014,02/08/2026,SHOPIFY PAYOUT SH-PO-0014,"6,569.20"
BT0015,02/09/2026,SHOPIFY PAYOUT SH-PO-0015,"20,829.27"
BT0016,02/13/2026,SHOPIFY PAYOUT SH-PO-0016,"9,630.46"
BT0017,02/14/2026,SHOPIFY PAYOUT SH-PO-0017,"11,506.77"
BT0018,02/18/2026,SHOPIFY PAYOUT SH-PO-0018,"28,401.00"
BT0019,02/22/2026,SHOPIFY PAYOUT SH-PO-0019,"12,387.36"
BT0020,02/23/2026,SHOPIFY PAYOUT SH-PO-0020,"8,807.16"
BT0021,02/23/2026,SHOPIFY PAYOUT SH-PO-0021,"11,521.49"
BT0022,02/26/2026,SHOPIFY PAYOUT SH-PO-0022,"6,346.81"
BT0023,03/04/2026,SHOPIFY PAYOUT SH-PO-0023,"25,083.09"
BT0024,03/05/2026,SHOPIFY PAYOUT SH-PO-0024,"11,601.89"
BT0025,03/05/2026,SHOPIFY PAYOUT SH-PO-0025,"21,017.16"
BT0026,03/08/2026,SHOPIFY PAYOUT SH-PO-0026,"11,095.98"
BT0027,03/12/2026,SHOPIFY PAYOUT SH-PO-0027,"15,234.99"
BT0028,03/14/2026,SHOPIFY PAYOUT SH-PO-0028,"27,907.01"
BT0029,03/17/2026,SHOPIFY PAYOUT SH-PO-0029,"17,702.62"
BT0030,03/19/2026,SHOPIFY PAYOUT SH-PO-0030,"18,246.71"
BT0031,03/24/2026,SHOPIFY PAYOUT SH-PO-0031,"24,330.55"
BT0032,03/27/2026,SHOPIFY PAYOUT SH-PO-0032,"20,870.29"
BT0033,03/25/2026,SHOPIFY PAYOUT SH-PO-0033,"15,305.22"
BT0034,03/28/2026,SHOPIFY PAYOUT SH-PO-0034,"19,760.20"
BT0035,03/30/2026,SHOPIFY PAYOUT SH-PO-0035,"30,015.14"
BT0036,01/06/2026,AMZN DIRECT DEP ACH AMZ-SETTLE-0001,"31,885.14"
BT0037,01/08/2026,AMZN DIRECT DEP ACH AMZ-SETTLE-0002,"17,661.18"
BT0038,01/12/2026,AMZN DIRECT DEP ACH AMZ-SETTLE-0003,"22,661.18"
BT0039,01/14/2026,AMZN DIRECT DEP ACH AMZ-SETTLE-0004,"27,303.53"
BT0040,01/19/2026,AMZN DIRECT DEP ACH AMZ-SETTLE-0005,"29,499.94"
BT0041,01/19/2026,AMZN DIRECT DEP ACH AMZ-SETTLE-0006,"19,335.92"
BT0042,01/20/2026,AMZN DIRECT DEP ACH AMZ-SETTLE-0007,"36,674.93"
BT0043,01/25/2026,AMZN DIRECT DEP ACH AMZ-SETTLE-0008,"34,664.07"
BT0044,01/27/2026,AMZN DIRECT DEP ACH AMZ-SETTLE-0009,"11,391.72"
BT0045,01/28/2026,AMZN DIRECT DEP ACH AMZ-SETTLE-0010,"25,657.43"
BT0046,02/25/2026,AMAZON WEB SERVICES AWS,"-12,500.00"
BT0047,02/06/2026,AMAZON WEB SERVICES AWS,"-12,500.00"
BT0048,02/11/2026,FACEBK *7H2K9 AD CHARGE,"-18,400.00"
BT0049,01/24/2026,FACEBK *7H2K9 AD CHARGE,"-18,400.00"
BT0050,03/02/2026,DIRECT WIRE TRF BENEFICIARY_1,"-18,261.98"
BT0051,03/09/2026,DIRECT WIRE TRF BENEFICIARY_2,"-21,555.23"
BT0052,02/04/2026,DIRECT WIRE TRF BENEFICIARY_3,"-20,737.98"
BT0053,02/15/2026,DIRECT WIRE TRF BENEFICIARY_4,"-19,698.30"
BT0054,02/07/2026,DIRECT WIRE TRF BENEFICIARY_5,"-19,984.08"
BT0055,01/19/2026,DIRECT WIRE TRF BENEFICIARY_6,"-8,049.13"
BT0056,02/06/2026,FEDEX 7729 *373,"-20,214.09"
BT0057,01/10/2026,INFLUENCER PAYOUT *979,"-3,415.91"
BT0058,03/05/2026,ALIBABA *RAWMAT *458,"-5,629.66"
BT0059,01/30/2026,USPS PB 8000 *508,"-6,194.75"
BT0060,02/10/2026,EASYPOST *459,"-21,717.34"
BT0061,03/15/2026,ACCOUNTING FIRM LLP *439,"-17,244.34"
BT0062,02/08/2026,GOOGLE *GSUITE *282,"-22,024.33"
BT0063,03/23/2026,COMCAST BUSINESS *544,"-1,725.82"
BT0064,03/02/2026,FLEXPORT 3PL *720,"-19,831.56"
BT0065,03/20/2026,WEWORK MEMBERSHIP *294,"-10,121.73"
BT0066,01/06/2026,SHIPBOB INC *632,"-17,952.60"
BT0067,01/31/2026,AMZN MKTP US*2H *472,"-18,210.21"
BT0068,02/17/2026,SHENZHEN MFG CO *738,"-23,762.76"
BT0069,02/13/2026,FLEXPORT 3PL *619,"-21,321.97"
BT0070,02/26/2026,FLEXPORT 3PL *813,"-10,683.11"
BT0071,02/28/2026,SHIPSTATION *780,"-3,880.36"
BT0072,02/13/2026,ALIBABA *RAWMAT *515,"-15,695.46"
BT0073,02/01/2026,WEWORK MEMBERSHIP *540,"-8,153.77"
BT0074,03/06/2026,UBER *TRIP *552,"-16,643.88"
BT0075,01/27/2026,ALIBABA *RAWMAT *774,"-13,170.41"
BT0076,03/28/2026,SLACK T0288 *734,"-13,273.94"
BT0077,02/05/2026,SHIPBOB INC *788,"-20,605.85"
BT0078,01/24/2026,USPS PB 8000 *125,"-20,318.82"
BT0079,03/25/2026,INTUIT *QBOOKS *970,"-24,611.25"
BT0080,03/27/2026,FIGMA MONTHLY *689,"-10,829.47"
BT0081,03/10/2026,INFLUENCER PAYOUT *509,"-17,651.77"
BT0082,01/06/2026,GOOGLE ADS 8842 *868,"-16,676.60"
BT0083,01/28/2026,VERCEL INC *923,"-11,088.54"
BT0084,02/06/2026,ACCOUNTING FIRM LLP *968,"-2,015.28"
BT0085,03/06/2026,FIGMA MONTHLY *783,"-4,026.81"
BT0086,03/03/2026,UBER *TRIP *727,"-15,209.95"
BT0087,03/17/2026,ACCOUNTING FIRM LLP *556,"-20,899.77"
BT0088,03/04/2026,INFLUENCER PAYOUT *365,"-21,648.18"
BT0089,03/13/2026,INFLUENCER PAYOUT *596,"-7,510.93"
BT0090,01/15/2026,DELOITTE TAX SVCS *830,"-7,445.26"
BT0091,02/15/2026,USPS PB 8000 *653,"-7,375.51"
BT0092,02/24/2026,INTUIT *QBOOKS *810,"-4,450.10"
BT0093,02/28/2026,INFLUENCER PAYOUT *517,"-5,977.66"
BT0094,01/13/2026,SHIPSTATION *311,"-12,075.37"
BT0095,03/21/2026,CONTRACT MFG ACH *812,"-22,697.09"
BT0096,03/20/2026,VERCEL INC *489,"-22,111.89"
BT0097,02/13/2026,SHENZHEN MFG CO *871,"-23,614.35"
BT0098,03/16/2026,CONTRACT MFG ACH *919,"-13,824.94"
BT0099,02/09/2026,STAPLES 00471 *546,"-12,615.15"
BT0100,02/26/2026,SHENZHEN MFG CO *841,"-10,210.34"
